-- ----------------------------
-- 1、部门表
-- ----------------------------
drop table if exists sys_dept;
CREATE TABLE sys_dept (
  dept_id           BIGINT(20)      NOT NULL AUTO_INCREMENT PRIMARY KEY   COMMENT '部门id',
  parent_id         BIGINT(20)      DEFAULT 0                  COMMENT '父部门id',
  ancestors         VARCHAR(50)     DEFAULT ''                 COMMENT '祖级列表',
  dept_name         VARCHAR(30)     DEFAULT ''                 COMMENT '部门名称',
  order_num         INT(4)          DEFAULT 0                  COMMENT '显示顺序',
  leader            VARCHAR(20)     DEFAULT NULL               COMMENT '负责人',
  phone             VARCHAR(11)     DEFAULT NULL               COMMENT '联系电话',
  email             VARCHAR(50)     DEFAULT NULL               COMMENT '邮箱',
  STATUS            CHAR(1)         DEFAULT '0'                COMMENT '部门状态（0正常 1停用）',
  del_flag          CHAR(1)         DEFAULT '0'                COMMENT '删除标志（0代表存在 2代表删除）',
  create_by         VARCHAR(64)     DEFAULT ''                 COMMENT '创建者',
  create_time 	    DATETIME                                   COMMENT '创建时间',
  update_by         VARCHAR(64)     DEFAULT ''                 COMMENT '更新者',
  update_time       DATETIME                                   COMMENT '更新时间'
) ENGINE=INNODB AUTO_INCREMENT=200 COMMENT = '部门表';


INSERT INTO portalsite.sys_dept VALUES(100,  0,   '0',          '宿迁百福特',   0, '若依', '15888888888', 'ry@qq.com', '0', '0', 'admin', SYSDATE(), '', NULL);
INSERT INTO sys_dept VALUES(101,  100, '0,100',      '上海总公司', 1, '若依', '15888888888', 'ry@qq.com', '0', '0', 'admin', SYSDATE(), '', NULL);
INSERT INTO sys_dept VALUES(102,  100, '0,100',      '北京分公司', 2, '若依', '15888888888', 'ry@qq.com', '0', '0', 'admin', SYSDATE(), '', NULL);
INSERT INTO sys_dept VALUES(103,  101, '0,100,101',  '研发部门',   1, '若依', '15888888888', 'ry@qq.com', '0', '0', 'admin', SYSDATE(), '', NULL);
INSERT INTO sys_dept VALUES(104,  101, '0,100,101',  '市场部门',   2, '若依', '15888888888', 'ry@qq.com', '0', '0', 'admin', SYSDATE(), '', NULL);
INSERT INTO sys_dept VALUES(105,  101, '0,100,101',  '测试部门',   3, '若依', '15888888888', 'ry@qq.com', '0', '0', 'admin', SYSDATE(), '', NULL);
INSERT INTO sys_dept VALUES(106,  101, '0,100,101',  '财务部门',   4, '若依', '15888888888', 'ry@qq.com', '0', '0', 'admin', SYSDATE(), '', NULL);
INSERT INTO sys_dept VALUES(107,  101, '0,100,101',  '运维部门',   5, '若依', '15888888888', 'ry@qq.com', '0', '0', 'admin', SYSDATE(), '', NULL);
INSERT INTO sys_dept VALUES(108,  102, '0,100,102',  '市场部门',   1, '若依', '15888888888', 'ry@qq.com', '0', '0', 'admin', SYSDATE(), '', NULL);
INSERT INTO sys_dept VALUES(109,  102, '0,100,102',  '财务部门',   2, '若依', '15888888888', 'ry@qq.com', '0', '0', 'admin', SYSDATE(), '', NULL);



-- ----------------------------
-- 2、用户信息表
-- ----------------------------
drop table if exists sys_user;
create table sys_user (
  user_id           bigint(20)      not null auto_increment PRIMARY KEY     comment '用户ID',
  dept_id           bigint(20)      default null               comment '部门ID',
  login_name        varchar(30)     not null                   comment '登录账号',
  user_name         varchar(30)     default ''                 comment '用户昵称',
  user_type         varchar(2)      default '00'               comment '用户类型（00系统用户 01注册用户）',
  email             varchar(50)     default ''                 comment '用户邮箱',
  phonenumber       varchar(11)     default ''                 comment '手机号码',
  sex               char(1)         default '0'                comment '用户性别（0男 1女 2未知）',
  avatar            varchar(100)    default ''                 comment '头像路径',
  password          varchar(50)     default ''                 comment '密码',
  salt              varchar(20)     default ''                 comment '盐加密',
  status            char(1)         default '0'                comment '帐号状态（0正常 1停用）',
  del_flag          char(1)         default '0'                comment '删除标志（0代表存在 2代表删除）',
  login_ip          varchar(128)    default ''                 comment '最后登录IP',
  login_date        datetime                                   comment '最后登录时间',
  pwd_update_date   datetime                                   comment '密码最后更新时间',
  create_by         varchar(64)     default ''                 comment '创建者',
  create_time       datetime                                   comment '创建时间',
  update_by         varchar(64)     default ''                 comment '更新者',
  update_time       datetime                                   comment '更新时间',
  remark            varchar(500)    default null               comment '备注'
) engine=innodb auto_increment=100 comment = '用户信息表';

-- ----------------------------
-- 初始化-用户信息表数据
-- ----------------------------
insert into sys_user values(1,  103, 'admin', '若依', '00', 'ry@163.com', '15888888888', '1', '', '29c67a30398638269fe600f73a054934', '111111', '0', '0', '127.0.0.1', sysdate(), sysdate(), 'admin', sysdate(), '', null, '管理员');
insert into sys_user values(2,  105, 'ry',    '若依', '00', 'ry@qq.com',  '15666666666', '1', '', '8e6d98b90472783cc73c17047ddccf36', '222222', '0', '0', '127.0.0.1', sysdate(), sysdate(), 'admin', sysdate(), '', null, '测试员');


-- ----------------------------
-- 3、岗位信息表
-- ----------------------------
drop table if exists sys_post;
create table sys_post
(
  post_id       bigint(20)      not null auto_increment  primary key  comment '岗位ID',
  post_code     varchar(64)     not null                   comment '岗位编码',
  post_name     varchar(50)     not null                   comment '岗位名称',
  post_sort     int(4)          not null                   comment '显示顺序',
  status        char(1)         not null                   comment '状态（0正常 1停用）',
  create_by     varchar(64)     default ''                 comment '创建者',
  create_time   datetime                                   comment '创建时间',
  update_by     varchar(64)     default ''			       comment '更新者',
  update_time   datetime                                   comment '更新时间',
  remark        varchar(500)    default null               comment '备注'
) engine=innodb comment = '岗位信息表';

-- ----------------------------
-- 初始化-岗位信息表数据
-- ----------------------------
insert into sys_post values(1, 'ceo',  '董事长',    1, '0', 'admin', sysdate(), '', null, '');
insert into sys_post values(2, 'se',   '项目经理',  2, '0', 'admin', sysdate(), '', null, '');
insert into sys_post values(3, 'hr',   '人力资源',  3, '0', 'admin', sysdate(), '', null, '');
insert into sys_post values(4, 'user', '普通员工',  4, '0', 'admin', sysdate(), '', null, '');


-- ----------------------------
-- 4、角色信息表
-- ----------------------------
drop table if exists sys_role;
create table sys_role (
  role_id           bigint(20)      not null auto_increment primary key    comment '角色ID',
  role_name         varchar(30)     not null                   comment '角色名称',
  role_key          varchar(100)    not null                   comment '角色权限字符串',
  role_sort         int(4)          not null                   comment '显示顺序',
  data_scope        char(1)         default '1'                comment '数据范围（1：全部数据权限 2：自定数据权限 3：本部门数据权限 4：本部门及以下数据权限）',
  status            char(1)         not null                   comment '角色状态（0正常 1停用）',
  del_flag          char(1)         default '0'                comment '删除标志（0代表存在 2代表删除）',
  create_by         varchar(64)     default ''                 comment '创建者',
  create_time       datetime                                   comment '创建时间',
  update_by         varchar(64)     default ''                 comment '更新者',
  update_time       datetime                                   comment '更新时间',
  remark            varchar(500)    default null               comment '备注'
) engine=innodb auto_increment=100 comment = '角色信息表';

-- ----------------------------
-- 初始化-角色信息表数据
-- ----------------------------
insert into sys_role values('1', '超级管理员', 'admin',  1, 1, '0', '0', 'admin', sysdate(), '', null, '超级管理员');
insert into sys_role values('2', '普通角色',   'common', 2, 2, '0', '0', 'admin', sysdate(), '', null, '普通角色');


-- ----------------------------
-- 5、菜单权限表
-- ----------------------------
drop table if exists sys_menu;
create table sys_menu (
  menu_id           bigint(20)      not null auto_increment  primary key  comment '菜单ID',
  menu_name         varchar(50)     not null                   comment '菜单名称',
  parent_id         bigint(20)      default 0                  comment '父菜单ID',
  order_num         int(4)          default 0                  comment '显示顺序',
  url               varchar(200)    default '#'                comment '请求地址',
  target            varchar(20)     default ''                 comment '打开方式（menuItem页签 menuBlank新窗口）',
  menu_type         char(1)         default ''                 comment '菜单类型（M目录 C菜单 F按钮）',
  visible           char(1)         default 0                  comment '菜单状态（0显示 1隐藏）',
  is_refresh        char(1)         default 1                  comment '是否刷新（0刷新 1不刷新）',
  perms             varchar(100)    default null               comment '权限标识',
  icon              varchar(100)    default '#'                comment '菜单图标',
  create_by         varchar(64)     default ''                 comment '创建者',
  create_time       datetime                                   comment '创建时间',
  update_by         varchar(64)     default ''                 comment '更新者',
  update_time       datetime                                   comment '更新时间',
  remark            varchar(500)    default ''                 comment '备注'
) engine=innodb auto_increment=2000 comment = '菜单权限表';

-- ----------------------------
-- 初始化-菜单信息表数据
-- ----------------------------
-- 一级菜单
insert into sys_menu values('1', '系统管理', '0', '1', '#',                '',          'M', '0', '1', '', 'fa fa-gear',           'admin', sysdate(), '', null, '系统管理目录');
insert into sys_menu values('2', '系统监控', '0', '2', '#',                '',          'M', '0', '1', '', 'fa fa-video-camera',   'admin', sysdate(), '', null, '系统监控目录');
insert into sys_menu values('3', '系统工具', '0', '3', '#',                '',          'M', '0', '1', '', 'fa fa-bars',           'admin', sysdate(), '', null, '系统工具目录');
-- 二级菜单
insert into sys_menu values('100',  '用户管理', '1', '1', '/system/user',          '', 'C', '0', '1', 'system:user:view',         'fa fa-user-o',          'admin', sysdate(), '', null, '用户管理菜单');
insert into sys_menu values('101',  '角色管理', '1', '2', '/system/role',          '', 'C', '0', '1', 'system:role:view',         'fa fa-user-secret',     'admin', sysdate(), '', null, '角色管理菜单');
insert into sys_menu values('102',  '菜单管理', '1', '3', '/system/menu',          '', 'C', '0', '1', 'system:menu:view',         'fa fa-th-list',         'admin', sysdate(), '', null, '菜单管理菜单');
insert into sys_menu values('103',  '部门管理', '1', '4', '/system/dept',          '', 'C', '0', '1', 'system:dept:view',         'fa fa-outdent',         'admin', sysdate(), '', null, '部门管理菜单');
insert into sys_menu values('104',  '岗位管理', '1', '5', '/system/post',          '', 'C', '0', '1', 'system:post:view',         'fa fa-address-card-o',  'admin', sysdate(), '', null, '岗位管理菜单');
insert into sys_menu values('105',  '字典管理', '1', '6', '/system/dict',          '', 'C', '0', '1', 'system:dict:view',         'fa fa-bookmark-o',      'admin', sysdate(), '', null, '字典管理菜单');
insert into sys_menu values('106',  '参数设置', '1', '7', '/system/config',        '', 'C', '0', '1', 'system:config:view',       'fa fa-sun-o',           'admin', sysdate(), '', null, '参数设置菜单');
insert into sys_menu values('107',  '通知公告', '1', '8', '/system/notice',        '', 'C', '0', '1', 'system:notice:view',       'fa fa-bullhorn',        'admin', sysdate(), '', null, '通知公告菜单');
insert into sys_menu values('108',  '日志管理', '1', '9', '#',                     '', 'M', '0', '1', '',                         'fa fa-pencil-square-o', 'admin', sysdate(), '', null, '日志管理菜单');
insert into sys_menu values('109',  '在线用户', '2', '1', '/monitor/online',       '', 'C', '0', '1', 'monitor:online:view',      'fa fa-user-circle',     'admin', sysdate(), '', null, '在线用户菜单');
insert into sys_menu values('110',  '定时任务', '2', '2', '/monitor/job',          '', 'C', '0', '1', 'monitor:job:view',         'fa fa-tasks',           'admin', sysdate(), '', null, '定时任务菜单');
insert into sys_menu values('111',  '数据监控', '2', '3', '/monitor/data',         '', 'C', '0', '1', 'monitor:data:view',        'fa fa-bug',             'admin', sysdate(), '', null, '数据监控菜单');
insert into sys_menu values('112',  '服务监控', '2', '4', '/monitor/server',       '', 'C', '0', '1', 'monitor:server:view',      'fa fa-server',          'admin', sysdate(), '', null, '服务监控菜单');
insert into sys_menu values('113',  '缓存监控', '2', '5', '/monitor/cache',        '', 'C', '0', '1', 'monitor:cache:view',       'fa fa-cube',            'admin', sysdate(), '', null, '缓存监控菜单');
insert into sys_menu values('114',  '表单构建', '3', '1', '/tool/build',           '', 'C', '0', '1', 'tool:build:view',          'fa fa-wpforms',         'admin', sysdate(), '', null, '表单构建菜单');
insert into sys_menu values('115',  '代码生成', '3', '2', '/tool/gen',             '', 'C', '0', '1', 'tool:gen:view',            'fa fa-code',            'admin', sysdate(), '', null, '代码生成菜单');
insert into sys_menu values('116',  '系统接口', '3', '3', '/tool/swagger',         '', 'C', '0', '1', 'tool:swagger:view',        'fa fa-gg',              'admin', sysdate(), '', null, '系统接口菜单');
-- 三级菜单
insert into sys_menu values('500',  '操作日志', '108', '1', '/monitor/operlog',    '', 'C', '0', '1', 'monitor:operlog:view',     'fa fa-address-book',    'admin', sysdate(), '', null, '操作日志菜单');
insert into sys_menu values('501',  '登录日志', '108', '2', '/monitor/logininfor', '', 'C', '0', '1', 'monitor:logininfor:view',  'fa fa-file-image-o',    'admin', sysdate(), '', null, '登录日志菜单');
-- 用户管理按钮
insert into sys_menu values('1000', '用户查询', '100', '1',  '#', '',  'F', '0', '1', 'system:user:list',        '#', 'admin', sysdate(), '', null, '');
insert into sys_menu values('1001', '用户新增', '100', '2',  '#', '',  'F', '0', '1', 'system:user:add',         '#', 'admin', sysdate(), '', null, '');
insert into sys_menu values('1002', '用户修改', '100', '3',  '#', '',  'F', '0', '1', 'system:user:edit',        '#', 'admin', sysdate(), '', null, '');
insert into sys_menu values('1003', '用户删除', '100', '4',  '#', '',  'F', '0', '1', 'system:user:remove',      '#', 'admin', sysdate(), '', null, '');
insert into sys_menu values('1004', '用户导出', '100', '5',  '#', '',  'F', '0', '1', 'system:user:export',      '#', 'admin', sysdate(), '', null, '');
insert into sys_menu values('1005', '用户导入', '100', '6',  '#', '',  'F', '0', '1', 'system:user:import',      '#', 'admin', sysdate(), '', null, '');
insert into sys_menu values('1006', '重置密码', '100', '7',  '#', '',  'F', '0', '1', 'system:user:resetPwd',    '#', 'admin', sysdate(), '', null, '');
-- 角色管理按钮
insert into sys_menu values('1007', '角色查询', '101', '1',  '#', '',  'F', '0', '1', 'system:role:list',        '#', 'admin', sysdate(), '', null, '');
insert into sys_menu values('1008', '角色新增', '101', '2',  '#', '',  'F', '0', '1', 'system:role:add',         '#', 'admin', sysdate(), '', null, '');
insert into sys_menu values('1009', '角色修改', '101', '3',  '#', '',  'F', '0', '1', 'system:role:edit',        '#', 'admin', sysdate(), '', null, '');
insert into sys_menu values('1010', '角色删除', '101', '4',  '#', '',  'F', '0', '1', 'system:role:remove',      '#', 'admin', sysdate(), '', null, '');
insert into sys_menu values('1011', '角色导出', '101', '5',  '#', '',  'F', '0', '1', 'system:role:export',      '#', 'admin', sysdate(), '', null, '');
-- 菜单管理按钮
insert into sys_menu values('1012', '菜单查询', '102', '1',  '#', '',  'F', '0', '1', 'system:menu:list',        '#', 'admin', sysdate(), '', null, '');
insert into sys_menu values('1013', '菜单新增', '102', '2',  '#', '',  'F', '0', '1', 'system:menu:add',         '#', 'admin', sysdate(), '', null, '');
insert into sys_menu values('1014', '菜单修改', '102', '3',  '#', '',  'F', '0', '1', 'system:menu:edit',        '#', 'admin', sysdate(), '', null, '');
insert into sys_menu values('1015', '菜单删除', '102', '4',  '#', '',  'F', '0', '1', 'system:menu:remove',      '#', 'admin', sysdate(), '', null, '');
-- 部门管理按钮
insert into sys_menu values('1016', '部门查询', '103', '1',  '#', '',  'F', '0', '1', 'system:dept:list',        '#', 'admin', sysdate(), '', null, '');
insert into sys_menu values('1017', '部门新增', '103', '2',  '#', '',  'F', '0', '1', 'system:dept:add',         '#', 'admin', sysdate(), '', null, '');
insert into sys_menu values('1018', '部门修改', '103', '3',  '#', '',  'F', '0', '1', 'system:dept:edit',        '#', 'admin', sysdate(), '', null, '');
insert into sys_menu values('1019', '部门删除', '103', '4',  '#', '',  'F', '0', '1', 'system:dept:remove',      '#', 'admin', sysdate(), '', null, '');
-- 岗位管理按钮
insert into sys_menu values('1020', '岗位查询', '104', '1',  '#', '',  'F', '0', '1', 'system:post:list',        '#', 'admin', sysdate(), '', null, '');
insert into sys_menu values('1021', '岗位新增', '104', '2',  '#', '',  'F', '0', '1', 'system:post:add',         '#', 'admin', sysdate(), '', null, '');
insert into sys_menu values('1022', '岗位修改', '104', '3',  '#', '',  'F', '0', '1', 'system:post:edit',        '#', 'admin', sysdate(), '', null, '');
insert into sys_menu values('1023', '岗位删除', '104', '4',  '#', '',  'F', '0', '1', 'system:post:remove',      '#', 'admin', sysdate(), '', null, '');
insert into sys_menu values('1024', '岗位导出', '104', '5',  '#', '',  'F', '0', '1', 'system:post:export',      '#', 'admin', sysdate(), '', null, '');
-- 字典管理按钮
insert into sys_menu values('1025', '字典查询', '105', '1',  '#', '',  'F', '0', '1', 'system:dict:list',        '#', 'admin', sysdate(), '', null, '');
insert into sys_menu values('1026', '字典新增', '105', '2',  '#', '',  'F', '0', '1', 'system:dict:add',         '#', 'admin', sysdate(), '', null, '');
insert into sys_menu values('1027', '字典修改', '105', '3',  '#', '',  'F', '0', '1', 'system:dict:edit',        '#', 'admin', sysdate(), '', null, '');
insert into sys_menu values('1028', '字典删除', '105', '4',  '#', '',  'F', '0', '1', 'system:dict:remove',      '#', 'admin', sysdate(), '', null, '');
insert into sys_menu values('1029', '字典导出', '105', '5',  '#', '',  'F', '0', '1', 'system:dict:export',      '#', 'admin', sysdate(), '', null, '');
-- 参数设置按钮
insert into sys_menu values('1030', '参数查询', '106', '1',  '#', '',  'F', '0', '1', 'system:config:list',      '#', 'admin', sysdate(), '', null, '');
insert into sys_menu values('1031', '参数新增', '106', '2',  '#', '',  'F', '0', '1', 'system:config:add',       '#', 'admin', sysdate(), '', null, '');
insert into sys_menu values('1032', '参数修改', '106', '3',  '#', '',  'F', '0', '1', 'system:config:edit',      '#', 'admin', sysdate(), '', null, '');
insert into sys_menu values('1033', '参数删除', '106', '4',  '#', '',  'F', '0', '1', 'system:config:remove',    '#', 'admin', sysdate(), '', null, '');
insert into sys_menu values('1034', '参数导出', '106', '5',  '#', '',  'F', '0', '1', 'system:config:export',    '#', 'admin', sysdate(), '', null, '');
-- 通知公告按钮
insert into sys_menu values('1035', '公告查询', '107', '1',  '#', '',  'F', '0', '1', 'system:notice:list',      '#', 'admin', sysdate(), '', null, '');
insert into sys_menu values('1036', '公告新增', '107', '2',  '#', '',  'F', '0', '1', 'system:notice:add',       '#', 'admin', sysdate(), '', null, '');
insert into sys_menu values('1037', '公告修改', '107', '3',  '#', '',  'F', '0', '1', 'system:notice:edit',      '#', 'admin', sysdate(), '', null, '');
insert into sys_menu values('1038', '公告删除', '107', '4',  '#', '',  'F', '0', '1', 'system:notice:remove',    '#', 'admin', sysdate(), '', null, '');
-- 操作日志按钮
insert into sys_menu values('1039', '操作查询', '500', '1',  '#', '',  'F', '0', '1', 'monitor:operlog:list',    '#', 'admin', sysdate(), '', null, '');
insert into sys_menu values('1040', '操作删除', '500', '2',  '#', '',  'F', '0', '1', 'monitor:operlog:remove',  '#', 'admin', sysdate(), '', null, '');
insert into sys_menu values('1041', '详细信息', '500', '3',  '#', '',  'F', '0', '1', 'monitor:operlog:detail',  '#', 'admin', sysdate(), '', null, '');
insert into sys_menu values('1042', '日志导出', '500', '4',  '#', '',  'F', '0', '1', 'monitor:operlog:export',  '#', 'admin', sysdate(), '', null, '');
-- 登录日志按钮
insert into sys_menu values('1043', '登录查询', '501', '1',  '#', '',  'F', '0', '1', 'monitor:logininfor:list',         '#', 'admin', sysdate(), '', null, '');
insert into sys_menu values('1044', '登录删除', '501', '2',  '#', '',  'F', '0', '1', 'monitor:logininfor:remove',       '#', 'admin', sysdate(), '', null, '');
insert into sys_menu values('1045', '日志导出', '501', '3',  '#', '',  'F', '0', '1', 'monitor:logininfor:export',       '#', 'admin', sysdate(), '', null, '');
insert into sys_menu values('1046', '账户解锁', '501', '4',  '#', '',  'F', '0', '1', 'monitor:logininfor:unlock',       '#', 'admin', sysdate(), '', null, '');
-- 在线用户按钮
insert into sys_menu values('1047', '在线查询', '109', '1',  '#', '',  'F', '0', '1', 'monitor:online:list',             '#', 'admin', sysdate(), '', null, '');
insert into sys_menu values('1048', '批量强退', '109', '2',  '#', '',  'F', '0', '1', 'monitor:online:batchForceLogout', '#', 'admin', sysdate(), '', null, '');
insert into sys_menu values('1049', '单条强退', '109', '3',  '#', '',  'F', '0', '1', 'monitor:online:forceLogout',      '#', 'admin', sysdate(), '', null, '');
-- 定时任务按钮
insert into sys_menu values('1050', '任务查询', '110', '1',  '#', '',  'F', '0', '1', 'monitor:job:list',                '#', 'admin', sysdate(), '', null, '');
insert into sys_menu values('1051', '任务新增', '110', '2',  '#', '',  'F', '0', '1', 'monitor:job:add',                 '#', 'admin', sysdate(), '', null, '');
insert into sys_menu values('1052', '任务修改', '110', '3',  '#', '',  'F', '0', '1', 'monitor:job:edit',                '#', 'admin', sysdate(), '', null, '');
insert into sys_menu values('1053', '任务删除', '110', '4',  '#', '',  'F', '0', '1', 'monitor:job:remove',              '#', 'admin', sysdate(), '', null, '');
insert into sys_menu values('1054', '状态修改', '110', '5',  '#', '',  'F', '0', '1', 'monitor:job:changeStatus',        '#', 'admin', sysdate(), '', null, '');
insert into sys_menu values('1055', '任务详细', '110', '6',  '#', '',  'F', '0', '1', 'monitor:job:detail',              '#', 'admin', sysdate(), '', null, '');
insert into sys_menu values('1056', '任务导出', '110', '7',  '#', '',  'F', '0', '1', 'monitor:job:export',              '#', 'admin', sysdate(), '', null, '');
-- 代码生成按钮
insert into sys_menu values('1057', '生成查询', '115', '1',  '#', '',  'F', '0', '1', 'tool:gen:list',     '#', 'admin', sysdate(), '', null, '');
insert into sys_menu values('1058', '生成修改', '115', '2',  '#', '',  'F', '0', '1', 'tool:gen:edit',     '#', 'admin', sysdate(), '', null, '');
insert into sys_menu values('1059', '生成删除', '115', '3',  '#', '',  'F', '0', '1', 'tool:gen:remove',   '#', 'admin', sysdate(), '', null, '');
insert into sys_menu values('1060', '预览代码', '115', '4',  '#', '',  'F', '0', '1', 'tool:gen:preview',  '#', 'admin', sysdate(), '', null, '');
insert into sys_menu values('1061', '生成代码', '115', '5',  '#', '',  'F', '0', '1', 'tool:gen:code',     '#', 'admin', sysdate(), '', null, '');


-- ----------------------------
-- 6、用户和角色关联表  用户N-1角色
-- ----------------------------
drop table if exists sys_user_role;
create table sys_user_role (
  user_id   bigint(20) not null comment '用户ID',
  role_id   bigint(20) not null comment '角色ID',
  primary key(user_id, role_id)
) engine=innodb comment = '用户和角色关联表';

-- ----------------------------
-- 初始化-用户和角色关联表数据
-- ----------------------------
insert into sys_user_role values ('1', '1');
insert into sys_user_role values ('2', '2');


-- ----------------------------
-- 7、角色和菜单关联表  角色1-N菜单
-- ----------------------------
drop table if exists sys_role_menu;
create table sys_role_menu (
  role_id   bigint(20) not null comment '角色ID',
  menu_id   bigint(20) not null comment '菜单ID',
  primary key(role_id, menu_id)
) engine=innodb comment = '角色和菜单关联表';

-- ----------------------------
-- 初始化-角色和菜单关联表数据
-- ----------------------------
insert into sys_role_menu values ('2', '1');
insert into sys_role_menu values ('2', '2');
insert into sys_role_menu values ('2', '3');
insert into sys_role_menu values ('2', '4');
insert into sys_role_menu values ('2', '100');
insert into sys_role_menu values ('2', '101');
insert into sys_role_menu values ('2', '102');
insert into sys_role_menu values ('2', '103');
insert into sys_role_menu values ('2', '104');
insert into sys_role_menu values ('2', '105');
insert into sys_role_menu values ('2', '106');
insert into sys_role_menu values ('2', '107');
insert into sys_role_menu values ('2', '108');
insert into sys_role_menu values ('2', '109');
insert into sys_role_menu values ('2', '110');
insert into sys_role_menu values ('2', '111');
insert into sys_role_menu values ('2', '112');
insert into sys_role_menu values ('2', '113');
insert into sys_role_menu values ('2', '114');
insert into sys_role_menu values ('2', '115');
insert into sys_role_menu values ('2', '116');
insert into sys_role_menu values ('2', '500');
insert into sys_role_menu values ('2', '501');
insert into sys_role_menu values ('2', '1000');
insert into sys_role_menu values ('2', '1001');
insert into sys_role_menu values ('2', '1002');
insert into sys_role_menu values ('2', '1003');
insert into sys_role_menu values ('2', '1004');
insert into sys_role_menu values ('2', '1005');
insert into sys_role_menu values ('2', '1006');
insert into sys_role_menu values ('2', '1007');
insert into sys_role_menu values ('2', '1008');
insert into sys_role_menu values ('2', '1009');
insert into sys_role_menu values ('2', '1010');
insert into sys_role_menu values ('2', '1011');
insert into sys_role_menu values ('2', '1012');
insert into sys_role_menu values ('2', '1013');
insert into sys_role_menu values ('2', '1014');
insert into sys_role_menu values ('2', '1015');
insert into sys_role_menu values ('2', '1016');
insert into sys_role_menu values ('2', '1017');
insert into sys_role_menu values ('2', '1018');
insert into sys_role_menu values ('2', '1019');
insert into sys_role_menu values ('2', '1020');
insert into sys_role_menu values ('2', '1021');
insert into sys_role_menu values ('2', '1022');
insert into sys_role_menu values ('2', '1023');
insert into sys_role_menu values ('2', '1024');
insert into sys_role_menu values ('2', '1025');
insert into sys_role_menu values ('2', '1026');
insert into sys_role_menu values ('2', '1027');
insert into sys_role_menu values ('2', '1028');
insert into sys_role_menu values ('2', '1029');
insert into sys_role_menu values ('2', '1030');
insert into sys_role_menu values ('2', '1031');
insert into sys_role_menu values ('2', '1032');
insert into sys_role_menu values ('2', '1033');
insert into sys_role_menu values ('2', '1034');
insert into sys_role_menu values ('2', '1035');
insert into sys_role_menu values ('2', '1036');
insert into sys_role_menu values ('2', '1037');
insert into sys_role_menu values ('2', '1038');
insert into sys_role_menu values ('2', '1039');
insert into sys_role_menu values ('2', '1040');
insert into sys_role_menu values ('2', '1041');
insert into sys_role_menu values ('2', '1042');
insert into sys_role_menu values ('2', '1043');
insert into sys_role_menu values ('2', '1044');
insert into sys_role_menu values ('2', '1045');
insert into sys_role_menu values ('2', '1046');
insert into sys_role_menu values ('2', '1047');
insert into sys_role_menu values ('2', '1048');
insert into sys_role_menu values ('2', '1049');
insert into sys_role_menu values ('2', '1050');
insert into sys_role_menu values ('2', '1051');
insert into sys_role_menu values ('2', '1052');
insert into sys_role_menu values ('2', '1053');
insert into sys_role_menu values ('2', '1054');
insert into sys_role_menu values ('2', '1055');
insert into sys_role_menu values ('2', '1056');
insert into sys_role_menu values ('2', '1057');
insert into sys_role_menu values ('2', '1058');
insert into sys_role_menu values ('2', '1059');
insert into sys_role_menu values ('2', '1060');
insert into sys_role_menu values ('2', '1061');

-- ----------------------------
-- 8、角色和部门关联表  角色1-N部门
-- ----------------------------
drop table if exists sys_role_dept;
create table sys_role_dept (
  role_id   bigint(20) not null comment '角色ID',
  dept_id   bigint(20) not null comment '部门ID',
  primary key(role_id, dept_id)
) engine=innodb comment = '角色和部门关联表';

-- ----------------------------
-- 初始化-角色和部门关联表数据
-- ----------------------------
insert into sys_role_dept values ('2', '100');
insert into sys_role_dept values ('2', '101');
insert into sys_role_dept values ('2', '105');

-- ----------------------------
-- 9、用户与岗位关联表  用户1-N岗位
-- ----------------------------
drop table if exists sys_user_post;
create table sys_user_post
(
  user_id   bigint(20) not null comment '用户ID',
  post_id   bigint(20) not null comment '岗位ID',
  primary key (user_id, post_id)
) engine=innodb comment = '用户与岗位关联表';

-- ----------------------------
-- 初始化-用户与岗位关联表数据
-- ----------------------------
insert into sys_user_post values ('1', '1');
insert into sys_user_post values ('2', '2');


-- ----------------------------
-- 10、操作日志记录
-- ----------------------------
drop table if exists sys_oper_log;
create table sys_oper_log (
  oper_id           bigint(20)      not null auto_increment primary key   comment '日志主键',
  title             varchar(50)     default ''                 comment '模块标题',
  business_type     int(2)          default 0                  comment '业务类型（0其它 1新增 2修改 3删除）',
  method            varchar(100)    default ''                 comment '方法名称',
  request_method    varchar(10)     default ''                 comment '请求方式',
  operator_type     int(1)          default 0                  comment '操作类别（0其它 1后台用户 2手机端用户）',
  oper_name         varchar(50)     default ''                 comment '操作人员',
  dept_name         varchar(50)     default ''                 comment '部门名称',
  oper_url          varchar(255)    default ''                 comment '请求URL',
  oper_ip           varchar(128)    default ''                 comment '主机地址',
  oper_location     varchar(255)    default ''                 comment '操作地点',
  oper_param        varchar(2000)   default ''                 comment '请求参数',
  json_result       varchar(2000)   default ''                 comment '返回参数',
  status            int(1)          default 0                  comment '操作状态（0正常 1异常）',
  error_msg         varchar(2000)   default ''                 comment '错误消息',
  oper_time         datetime                                   comment '操作时间'
) engine=innodb auto_increment=100 comment = '操作日志记录';


-- ----------------------------
-- 11、字典类型表
-- ----------------------------
drop table if exists sys_dict_type;
create table sys_dict_type
(
  dict_id          bigint(20)      not null auto_increment  primary key   comment '字典主键',
  dict_name        varchar(100)    default ''                 comment '字典名称',
  dict_type        varchar(100)    default ''                 comment '字典类型',
  status           char(1)         default '0'                comment '状态（0正常 1停用）',
  create_by        varchar(64)     default ''                 comment '创建者',
  create_time      datetime                                   comment '创建时间',
  update_by        varchar(64)     default ''                 comment '更新者',
  update_time      datetime                                   comment '更新时间',
  remark           varchar(500)    default null               comment '备注',
  unique (dict_type)
) engine=innodb auto_increment=100 comment = '字典类型表';

insert into sys_dict_type values(1,  '用户性别', 'sys_user_sex',        '0', 'admin', sysdate(), '', null, '用户性别列表');
insert into sys_dict_type values(2,  '菜单状态', 'sys_show_hide',       '0', 'admin', sysdate(), '', null, '菜单状态列表');
insert into sys_dict_type values(3,  '系统开关', 'sys_normal_disable',  '0', 'admin', sysdate(), '', null, '系统开关列表');
insert into sys_dict_type values(4,  '任务状态', 'sys_job_status',      '0', 'admin', sysdate(), '', null, '任务状态列表');
insert into sys_dict_type values(5,  '任务分组', 'sys_job_group',       '0', 'admin', sysdate(), '', null, '任务分组列表');
insert into sys_dict_type values(6,  '系统是否', 'sys_yes_no',          '0', 'admin', sysdate(), '', null, '系统是否列表');
insert into sys_dict_type values(7,  '通知类型', 'sys_notice_type',     '0', 'admin', sysdate(), '', null, '通知类型列表');
insert into sys_dict_type values(8,  '通知状态', 'sys_notice_status',   '0', 'admin', sysdate(), '', null, '通知状态列表');
insert into sys_dict_type values(9,  '操作类型', 'sys_oper_type',       '0', 'admin', sysdate(), '', null, '操作类型列表');
insert into sys_dict_type values(10, '系统状态', 'sys_common_status',   '0', 'admin', sysdate(), '', null, '登录状态列表');
insert into sys_dict_type values(11, '小球是否', 'item_is_system',      '0', 'admin', sysdate(), '', null, '是否小球列表');
insert into sys_dict_type values(12, '入库状态', 'sys_enter_status',    '0', 'admin', sysdate(), '', null, '入库状态列表');



-- ----------------------------
-- 12、字典数据表
-- ----------------------------
drop table if exists sys_dict_data;
create table sys_dict_data
(
  dict_code        bigint(20)      not null auto_increment primary key   comment '字典编码',
  dict_sort        int(4)          default 0                  comment '字典排序',
  dict_label       varchar(100)    default ''                 comment '字典标签',
  dict_value       varchar(100)    default ''                 comment '字典键值',
  dict_type        varchar(100)    default ''                 comment '字典类型',
  css_class        varchar(100)    default null               comment '样式属性（其他样式扩展）',
  list_class       varchar(100)    default null               comment '表格回显样式',
  is_default       char(1)         default 'N'                comment '是否默认（Y是 N否）',
  status           char(1)         default '0'                comment '状态（0正常 1停用）',
  create_by        varchar(64)     default ''                 comment '创建者',
  create_time      datetime                                   comment '创建时间',
  update_by        varchar(64)     default ''                 comment '更新者',
  update_time      datetime                                   comment '更新时间',
  remark           varchar(500)    default null               comment '备注'
) engine=innodb auto_increment=100 comment = '字典数据表';

insert into sys_dict_data values(1,  1,  '男',       '0',       'sys_user_sex',        '',   '',        'Y', '0', 'admin', sysdate(), '', null, '性别男');
insert into sys_dict_data values(2,  2,  '女',       '1',       'sys_user_sex',        '',   '',        'N', '0', 'admin', sysdate(), '', null, '性别女');
insert into sys_dict_data values(3,  3,  '未知',     '2',       'sys_user_sex',        '',   '',        'N', '0', 'admin', sysdate(), '', null, '性别未知');
insert into sys_dict_data values(4,  1,  '显示',     '0',       'sys_show_hide',       '',   'primary', 'Y', '0', 'admin', sysdate(), '', null, '显示菜单');
insert into sys_dict_data values(5,  2,  '隐藏',     '1',       'sys_show_hide',       '',   'danger',  'N', '0', 'admin', sysdate(), '', null, '隐藏菜单');
insert into sys_dict_data values(6,  1,  '正常',     '0',       'sys_normal_disable',  '',   'primary', 'Y', '0', 'admin', sysdate(), '', null, '正常状态');
insert into sys_dict_data values(7,  2,  '停用',     '1',       'sys_normal_disable',  '',   'danger',  'N', '0', 'admin', sysdate(), '', null, '停用状态');
insert into sys_dict_data values(8,  1,  '正常',     '0',       'sys_job_status',      '',   'primary', 'Y', '0', 'admin', sysdate(), '', null, '正常状态');
insert into sys_dict_data values(9,  2,  '暂停',     '1',       'sys_job_status',      '',   'danger',  'N', '0', 'admin', sysdate(), '', null, '停用状态');
insert into sys_dict_data values(10, 1,  '默认',     'DEFAULT', 'sys_job_group',       '',   '',        'Y', '0', 'admin', sysdate(), '', null, '默认分组');
insert into sys_dict_data values(11, 2,  '系统',     'SYSTEM',  'sys_job_group',       '',   '',        'N', '0', 'admin', sysdate(), '', null, '系统分组');
insert into sys_dict_data values(12, 1,  '是',       'Y',       'sys_yes_no',          '',   'primary', 'Y', '0', 'admin', sysdate(), '', null, '系统默认是');
insert into sys_dict_data values(13, 2,  '否',       'N',       'sys_yes_no',          '',   'danger',  'N', '0', 'admin', sysdate(), '', null, '系统默认否');
insert into sys_dict_data values(14, 1,  '通知',     '1',       'sys_notice_type',     '',   'warning', 'Y', '0', 'admin', sysdate(), '', null, '通知');
insert into sys_dict_data values(15, 2,  '公告',     '2',       'sys_notice_type',     '',   'success', 'N', '0', 'admin', sysdate(), '', null, '公告');
insert into sys_dict_data values(16, 1,  '正常',     '0',       'sys_notice_status',   '',   'primary', 'Y', '0', 'admin', sysdate(), '', null, '正常状态');
insert into sys_dict_data values(17, 2,  '关闭',     '1',       'sys_notice_status',   '',   'danger',  'N', '0', 'admin', sysdate(), '', null, '关闭状态');
insert into sys_dict_data values(18, 99, '其他',     '0',       'sys_oper_type',       '',   'info',    'N', '0', 'admin', sysdate(), '', null, '其他操作');
insert into sys_dict_data values(19, 1,  '新增',     '1',       'sys_oper_type',       '',   'info',    'N', '0', 'admin', sysdate(), '', null, '新增操作');
insert into sys_dict_data values(20, 2,  '修改',     '2',       'sys_oper_type',       '',   'info',    'N', '0', 'admin', sysdate(), '', null, '修改操作');
insert into sys_dict_data values(21, 3,  '删除',     '3',       'sys_oper_type',       '',   'danger',  'N', '0', 'admin', sysdate(), '', null, '删除操作');
insert into sys_dict_data values(22, 4,  '授权',     '4',       'sys_oper_type',       '',   'primary', 'N', '0', 'admin', sysdate(), '', null, '授权操作');
insert into sys_dict_data values(23, 5,  '导出',     '5',       'sys_oper_type',       '',   'warning', 'N', '0', 'admin', sysdate(), '', null, '导出操作');
insert into sys_dict_data values(24, 6,  '导入',     '6',       'sys_oper_type',       '',   'warning', 'N', '0', 'admin', sysdate(), '', null, '导入操作');
insert into sys_dict_data values(25, 7,  '强退',     '7',       'sys_oper_type',       '',   'danger',  'N', '0', 'admin', sysdate(), '', null, '强退操作');
insert into sys_dict_data values(26, 8,  '生成代码', '8',       'sys_oper_type',       '',   'warning', 'N', '0', 'admin', sysdate(), '', null, '生成操作');
insert into sys_dict_data values(27, 9,  '清空数据', '9',       'sys_oper_type',       '',   'danger',  'N', '0', 'admin', sysdate(), '', null, '清空操作');
insert into sys_dict_data values(28, 1,  '成功',     '0',       'sys_common_status',   '',   'primary', 'N', '0', 'admin', sysdate(), '', null, '正常状态');
insert into sys_dict_data values(29, 2,  '失败',     '1',       'sys_common_status',   '',   'danger',  'N', '0', 'admin', sysdate(), '', null, '停用状态');
insert into sys_dict_data values(30, 1,  '是',       '0',       'item_is_system',       '',   'warning', 'Y', '0', 'admin', sysdate(), '', null, '是小球系统配件');
insert into sys_dict_data values(31, 2,  '否',       '1',       'item_is_system',       '',   'success', 'N', '0', 'admin', sysdate(), '', null, '非小球系统配件');
insert into sys_dict_data values(32, 1,  '已入库',   '0',       'sys_enter_status',     '',   'primary', 'Y', '0', 'admin', sysdate(), '', null, '已入库操作');
insert into sys_dict_data values(33, 2,  '未入库',   '1',       'sys_enter_status',     '',   'warning', 'N', '0', 'admin', sysdate(), '', null, '已入库操作');



-- ----------------------------
-- 13、参数配置表
-- ----------------------------
drop table if exists sys_config;
create table sys_config (
  config_id         int(5)          not null auto_increment  primary key    comment '参数主键',
  config_name       varchar(100)    default ''                 comment '参数名称',
  config_key        varchar(100)    default ''                 comment '参数键名',
  config_value      varchar(500)    default ''                 comment '参数键值',
  config_type       char(1)         default 'N'                comment '系统内置（Y是 N否）',
  create_by         varchar(64)     default ''                 comment '创建者',
  create_time       datetime                                   comment '创建时间',
  update_by         varchar(64)     default ''                 comment '更新者',
  update_time       datetime                                   comment '更新时间',
  remark            varchar(500)    default null               comment '备注'
) engine=innodb auto_increment=100 comment = '参数配置表';

insert into sys_config values(1,  '主框架页-默认皮肤样式名称',     'sys.index.skinName',               'skin-blue',     'Y', 'admin', sysdate(), '', null, '蓝色 skin-blue、绿色 skin-green、紫色 skin-purple、红色 skin-red、黄色 skin-yellow');
insert into sys_config values(2,  '用户管理-账号初始密码',         'sys.user.initPassword',            '123456',        'Y', 'admin', sysdate(), '', null, '初始化密码 123456');
insert into sys_config values(3,  '主框架页-侧边栏主题',           'sys.index.sideTheme',              'theme-dark',    'Y', 'admin', sysdate(), '', null, '深黑主题theme-dark，浅色主题theme-light，深蓝主题theme-blue');
insert into sys_config values(4,  '账号自助-是否开启用户注册功能', 'sys.account.registerUser',         'false',         'Y', 'admin', sysdate(), '', null, '是否开启注册用户功能（true开启，false关闭）');
insert into sys_config values(5,  '用户管理-密码字符范围',         'sys.account.chrtype',              '0',             'Y', 'admin', sysdate(), '', null, '默认任意字符范围，0任意（密码可以输入任意字符），1数字（密码只能为0-9数字），2英文字母（密码只能为a-z和A-Z字母），3字母和数字（密码必须包含字母，数字）,4字母数字和特殊字符（目前支持的特殊字符包括：~!@#$%^&*()-=_+）');
insert into sys_config values(6,  '用户管理-初始密码修改策略',     'sys.account.initPasswordModify',   '0',             'Y', 'admin', sysdate(), '', null, '0：初始密码修改策略关闭，没有任何提示，1：提醒用户，如果未修改初始密码，则在登录时就会提醒修改密码对话框');
insert into sys_config values(7,  '用户管理-账号密码更新周期',     'sys.account.passwordValidateDays', '0',             'Y', 'admin', sysdate(), '', null, '密码更新周期（填写数字，数据初始化值为0不限制，若修改必须为大于0小于365的正整数），如果超过这个周期登录系统时，则在登录时就会提醒修改密码对话框');
insert into sys_config values(8,  '主框架页-菜单导航显示风格',     'sys.index.menuStyle',              'default',       'Y', 'admin', sysdate(), '', null, '菜单导航显示风格（default为左侧导航菜单，topnav为顶部导航菜单）');
insert into sys_config values(9,  '主框架页-是否开启页脚',         'sys.index.footer',                 'true',          'Y', 'admin', sysdate(), '', null, '是否开启底部页脚显示（true显示，false隐藏）');
insert into sys_config values(10, '主框架页-是否开启页签',         'sys.index.tagsView',               'true',          'Y', 'admin', sysdate(), '', null, '是否开启菜单多页签显示（true显示，false隐藏）');


-- ----------------------------
-- 14、系统访问记录
-- ----------------------------
drop table if exists sys_logininfor;
create table sys_logininfor (
  info_id        bigint(20)     not null auto_increment  primary key   comment '访问ID',
  login_name     varchar(50)    default ''                comment '登录账号',
  ipaddr         varchar(128)   default ''                comment '登录IP地址',
  login_location varchar(255)   default ''                comment '登录地点',
  browser        varchar(50)    default ''                comment '浏览器类型',
  os             varchar(50)    default ''                comment '操作系统',
  status         char(1)        default '0'               comment '登录状态（0成功 1失败）',
  msg            varchar(255)   default ''                comment '提示消息',
  login_time     datetime                                 comment '访问时间'
) engine=innodb auto_increment=100 comment = '系统访问记录';


-- ----------------------------
-- 15、在线用户记录
-- ----------------------------
drop table if exists sys_user_online;
create table sys_user_online (
  sessionId         varchar(50)   default ''       primary key         comment '用户会话id',
  login_name        varchar(50)   default ''                comment '登录账号',
  dept_name         varchar(50)   default ''                comment '部门名称',
  ipaddr            varchar(128)  default ''                comment '登录IP地址',
  login_location    varchar(255)  default ''                comment '登录地点',
  browser           varchar(50)   default ''                comment '浏览器类型',
  os                varchar(50)   default ''                comment '操作系统',
  status            varchar(10)   default ''                comment '在线状态on_line在线off_line离线',
  start_timestamp   datetime                                comment 'session创建时间',
  last_access_time  datetime                                comment 'session最后访问时间',
  expire_time       int(5)        default 0                 comment '超时时间，单位为分钟'
) engine=innodb comment = '在线用户记录';


-- ----------------------------
-- 16、定时任务调度表
-- ----------------------------
drop table if exists sys_job;
create table sys_job (
  job_id              bigint(20)    not null auto_increment    comment '任务ID',
  job_name            varchar(64)   default ''                 comment '任务名称',
  job_group           varchar(64)   default 'DEFAULT'          comment '任务组名',
  invoke_target       varchar(500)  not null                   comment '调用目标字符串',
  cron_expression     varchar(255)  default ''                 comment 'cron执行表达式',
  misfire_policy      varchar(20)   default '3'                comment '计划执行错误策略（1立即执行 2执行一次 3放弃执行）',
  concurrent          char(1)       default '1'                comment '是否并发执行（0允许 1禁止）',
  status              char(1)       default '0'                comment '状态（0正常 1暂停）',
  create_by           varchar(64)   default ''                 comment '创建者',
  create_time         datetime                                 comment '创建时间',
  update_by           varchar(64)   default ''                 comment '更新者',
  update_time         datetime                                 comment '更新时间',
  remark              varchar(500)  default ''                 comment '备注信息',
  primary key (job_id, job_name, job_group)
) engine=innodb auto_increment=100 comment = '定时任务调度表';

insert into sys_job values(1, '系统默认（无参）', 'DEFAULT', 'ryTask.ryNoParams',        '0/10 * * * * ?', '3', '1', '1', 'admin', sysdate(), '', null, '');
insert into sys_job values(2, '系统默认（有参）', 'DEFAULT', 'ryTask.ryParams(\'ry\')',  '0/15 * * * * ?', '3', '1', '1', 'admin', sysdate(), '', null, '');
insert into sys_job values(3, '系统默认（多参）', 'DEFAULT', 'ryTask.ryMultipleParams(\'ry\', true, 2000L, 316.50D, 100)',  '0/20 * * * * ?', '3', '1', '1', 'admin', sysdate(), '', null, '');


-- ----------------------------
-- 17、定时任务调度日志表
-- ----------------------------
drop table if exists sys_job_log;
create table sys_job_log (
  job_log_id          bigint(20)     not null auto_increment primary key   comment '任务日志ID',
  job_name            varchar(64)    not null                   comment '任务名称',
  job_group           varchar(64)    not null                   comment '任务组名',
  invoke_target       varchar(500)   not null                   comment '调用目标字符串',
  job_message         varchar(500)                              comment '日志信息',
  status              char(1)        default '0'                comment '执行状态（0正常 1失败）',
  exception_info      varchar(2000)  default ''                 comment '异常信息',
  create_time         datetime                                  comment '创建时间'
) engine=innodb comment = '定时任务调度日志表';


-- ----------------------------
-- 18、通知公告表
-- ----------------------------
DROP TABLE IF EXISTS sys_notice;
CREATE TABLE sys_notice (
  notice_id         INT(4)          NOT NULL AUTO_INCREMENT  PRIMARY KEY   COMMENT '公告ID',
  notice_title      VARCHAR(50)     NOT NULL                   COMMENT '公告标题',
  notice_type       CHAR(1)         NOT NULL                   COMMENT '公告类型（1通知 2公告）',
  notice_content    VARCHAR(2000)   DEFAULT NULL               COMMENT '公告内容',
  STATUS            CHAR(1)         DEFAULT '0'                COMMENT '公告状态（0正常 1关闭）',
  create_by         VARCHAR(64)     DEFAULT ''                 COMMENT '创建者',
  create_time       DATETIME                                   COMMENT '创建时间',
  update_by         VARCHAR(64)     DEFAULT ''                 COMMENT '更新者',
  update_time       DATETIME                                   COMMENT '更新时间',
  remark            VARCHAR(255)    DEFAULT NULL               COMMENT '备注'
) ENGINE=INNODB AUTO_INCREMENT=10 COMMENT = '通知公告表';

-- ----------------------------
-- 初始化-公告信息表数据
-- ----------------------------
insert into sys_notice values('1', '温馨提醒：2018-07-01 若依新版本发布啦', '2', '新版本内容', '0', 'admin', sysdate(), '', null, '管理员');
insert into sys_notice values('2', '维护通知：2018-07-01 若依系统凌晨维护', '1', '维护内容',   '0', 'admin', sysdate(), '', null, '管理员');


-- ----------------------------
-- 19、代码生成业务表
-- ----------------------------
drop table if exists gen_table;
create table gen_table (
  table_id             bigint(20)      not null auto_increment   primary key   comment '编号',
  table_name           varchar(200)    default ''                 comment '表名称',
  table_comment        varchar(500)    default ''                 comment '表描述',
  sub_table_name       varchar(64)     default null               comment '关联子表的表名',
  sub_table_fk_name    varchar(64)     default null               comment '子表关联的外键名',
  class_name           varchar(100)    default ''                 comment '实体类名称',
  tpl_category         varchar(200)    default 'crud'             comment '使用的模板（crud单表操作 tree树表操作 sub主子表操作）',
  package_name         varchar(100)                               comment '生成包路径',
  module_name          varchar(30)                                comment '生成模块名',
  business_name        varchar(30)                                comment '生成业务名',
  function_name        varchar(50)                                comment '生成功能名',
  function_author      varchar(50)                                comment '生成功能作者',
  gen_type             char(1)         default '0'                comment '生成代码方式（0zip压缩包 1自定义路径）',
  gen_path             varchar(200)    default '/'                comment '生成路径（不填默认项目路径）',
  options              varchar(1000)                              comment '其它生成选项',
  create_by            varchar(64)     default ''                 comment '创建者',
  create_time 	       datetime                                   comment '创建时间',
  update_by            varchar(64)     default ''                 comment '更新者',
  update_time          datetime                                   comment '更新时间',
  remark               varchar(500)    default null               comment '备注'
) engine=innodb auto_increment=1 comment = '代码生成业务表';


-- ----------------------------
-- 20、代码生成业务表字段
-- ----------------------------
drop table if exists gen_table_column;
create table gen_table_column (
  column_id         bigint(20)      not null auto_increment  primary key  comment '编号',
  table_id          varchar(64)                                comment '归属表编号',
  column_name       varchar(200)                               comment '列名称',
  column_comment    varchar(500)                               comment '列描述',
  column_type       varchar(100)                               comment '列类型',
  java_type         varchar(500)                               comment 'JAVA类型',
  java_field        varchar(200)                               comment 'JAVA字段名',
  is_pk             char(1)                                    comment '是否主键（1是）',
  is_increment      char(1)                                    comment '是否自增（1是）',
  is_required       char(1)                                    comment '是否必填（1是）',
  is_insert         char(1)                                    comment '是否为插入字段（1是）',
  is_edit           char(1)                                    comment '是否编辑字段（1是）',
  is_list           char(1)                                    comment '是否列表字段（1是）',
  is_query          char(1)                                    comment '是否查询字段（1是）',
  query_type        varchar(200)    default 'EQ'               comment '查询方式（等于、不等于、大于、小于、范围）',
  html_type         varchar(200)                               comment '显示类型（文本框、文本域、下拉框、复选框、单选框、日期控件）',
  dict_type         varchar(200)    default ''                 comment '字典类型',
  sort              int                                        comment '排序',
  create_by         varchar(64)     default ''                 comment '创建者',
  create_time 	    datetime                                   comment '创建时间',
  update_by         varchar(64)     default ''                 comment '更新者',
  update_time       datetime                                   comment '更新时间'
) engine=innodb auto_increment=1 comment = '代码生成业务表字段';


-- -------------------------------
-- 21 物料管理

DROP TABLE IF EXISTS sys_item_info;
CREATE TABLE sys_item_info (
  item_id           BIGINT(20)      NOT NULL AUTO_INCREMENT PRIMARY KEY   COMMENT '物料id',
  item_code         VARCHAR(50)      DEFAULT ''                 COMMENT '物料内部编号',
  item_external_code VARCHAR(50)     DEFAULT ''                 COMMENT '物料外部编号',
  item_name          VARCHAR(30)     DEFAULT ''                 COMMENT '物料名称',
  item_status        CHAR(1)     DEFAULT '0'                    COMMENT '物料状态（0正常 1关闭）',
  item_is_system     CHAR(1)         DEFAULT '0'                COMMENT '是否小球物料（0是 1不是 ）',
  item_spec_id       BIGINT(20)     DEFAULT 0                   COMMENT '物料规格id',
  item_type_id       BIGINT(20)     DEFAULT 0                   COMMENT '物料类型id',
  item_supply_id       BIGINT(20)     DEFAULT 0                   COMMENT '物料供应商id',
  create_by         VARCHAR(64)     DEFAULT ''                  COMMENT '创建者',
  create_time 	    DATETIME                                    COMMENT '创建时间',
  update_by         VARCHAR(64)     DEFAULT ''                  COMMENT '更新者',
  update_time       DATETIME                                    COMMENT '更新时间'
) ENGINE=INNODB COMMENT = '物料信息基本表';
INSERT INTO portalsite.sys_item_info(item_id,item_code,item_external_code,item_name,item_status,item_is_system,item_spec_id,item_type_id,item_supply_id,create_by,create_time,update_by,update_time)
    VALUES(1,'BFT222101500001','','小球','0','0',3,1,1,'admin',SYSDATE(),'',NULL);

INSERT INTO portalsite.sys_item_info(item_id,item_code,item_external_code,item_name,item_status,item_is_system,item_spec_id,item_type_id,item_supply_id,create_by,create_time,update_by,update_time)
    VALUES(2,'BFT222101500002','','吸料盘','0','0',3,2,1,'admin',SYSDATE(),'',NULL);

INSERT INTO portalsite.sys_item_info(item_id,item_code,item_external_code,item_name,item_status,item_is_system,item_spec_id,item_type_id,item_supply_id,create_by,create_time,update_by,update_time)
    VALUES(3,'BFT222101500003','','背压阀','0','0',3,1,1,'admin',SYSDATE(),'',NULL);



DROP TABLE IF EXISTS sys_item_spec;
CREATE TABLE sys_item_spec (
  spec_id           BIGINT(20)      NOT NULL AUTO_INCREMENT PRIMARY KEY   COMMENT '规格id',
  spec_name         VARCHAR(30)     DEFAULT ''                 COMMENT '规格名称',
  create_by         VARCHAR(64)     DEFAULT ''                  COMMENT '创建者',
  create_time 	    DATETIME                                    COMMENT '创建时间',
  update_by         VARCHAR(64)     DEFAULT ''                  COMMENT '更新者',
  update_time       DATETIME                                    COMMENT '更新时间'
) ENGINE=INNODB COMMENT = '物料规格维表';
INSERT INTO portalsite.`sys_item_spec`(spec_id,spec_name,create_by,create_time,update_by,update_time) VALUES(1,'40*80*100','admin',SYSDATE(),'',NULL);
INSERT INTO portalsite.`sys_item_spec`(spec_id,spec_name,create_by,create_time,update_by,update_time) VALUES(2,'90*60*200','admin',SYSDATE(),'',NULL);
INSERT INTO portalsite.`sys_item_spec`(spec_id,spec_name,create_by,create_time,update_by,update_time) VALUES(3,'60*90*120','admin',SYSDATE(),'',NULL);




DROP TABLE IF EXISTS sys_item_type;
CREATE TABLE sys_item_type (
  type_id           BIGINT(20)      NOT NULL AUTO_INCREMENT PRIMARY KEY   COMMENT '类型id',
  type_name         VARCHAR(30)     DEFAULT ''                 COMMENT '类型名称',
  create_by         VARCHAR(64)     DEFAULT ''                  COMMENT '创建者',
  create_time 	    DATETIME                                    COMMENT '创建时间',
  update_by         VARCHAR(64)     DEFAULT ''                  COMMENT '更新者',
  update_time       DATETIME                                    COMMENT '更新时间'
) ENGINE=INNODB COMMENT = '物料类型维表';


INSERT INTO portalsite.`sys_item_type`(type_id,type_name,create_by,create_time,update_by,update_time) VALUES(1,'电子材料','admin',SYSDATE(),'',NULL);
INSERT INTO portalsite.`sys_item_type`(type_id,type_name,create_by,create_time,update_by,update_time) VALUES(2,'光学材料','admin',SYSDATE(),'',NULL);
INSERT INTO portalsite.`sys_item_type`(type_id,type_name,create_by,create_time,update_by,update_time) VALUES(3,'塑胶材料','admin',SYSDATE(),'',NULL);



DROP TABLE IF EXISTS sys_item_supply;
CREATE TABLE sys_item_supply (
  supply_id         BIGINT(20)      NOT NULL AUTO_INCREMENT PRIMARY KEY   COMMENT '供应商id',
  supply_name       VARCHAR(30)     DEFAULT ''                 COMMENT '供应商名称',
  supply_address    VARCHAR(30)     DEFAULT ''                 COMMENT '供应商地址',
  supply_pi_name    VARCHAR(30)     DEFAULT ''                 COMMENT '供应商负责人',
  supply_pi_phone   VARCHAR(30)     DEFAULT ''                 COMMENT '供应商电话',
  create_by         VARCHAR(64)     DEFAULT ''                  COMMENT '创建者',
  create_time 	    DATETIME                                    COMMENT '创建时间',
  update_by         VARCHAR(64)     DEFAULT ''                  COMMENT '更新者',
  update_time       DATETIME                                    COMMENT '更新时间'
) ENGINE=INNODB COMMENT = '供应商维表';

INSERT INTO portalsite.`sys_item_supply`(supply_id,supply_name,supply_address,supply_pi_name,supply_pi_phone,create_by,create_time,update_by,update_time) VALUES(1,'festo','南京市北大街十四路88号','方原','18888888888','admin',SYSDATE(),'',NULL);

INSERT INTO portalsite.`sys_item_supply`(supply_id,supply_name,supply_address,supply_pi_name,supply_pi_phone,create_by,create_time,update_by,update_time) VALUES(2,'smc','北京市北大街十四路77号','杨杨','16666666666','admin',SYSDATE(),'',NULL);

INSERT INTO portalsite.`sys_item_supply`(supply_id,supply_name,supply_address,supply_pi_name,supply_pi_phone,create_by,create_time,update_by,update_time) VALUES(3,'airtc','无锡市北大街十四路66号','文硕','17777777777','admin',SYSDATE(),'',NULL);

DROP TABLE IF EXISTS sys_warehouse_info;
CREATE TABLE sys_warehouse_info (
  warehouse_id              BIGINT(20)      NOT NULL AUTO_INCREMENT PRIMARY KEY   COMMENT '主键id',
  warehouse_address         VARCHAR(30)     DEFAULT ''                 COMMENT '类型名称',
  create_by         VARCHAR(64)     DEFAULT ''                  COMMENT '创建者',
  create_time 	    DATETIME                                    COMMENT '创建时间',
  update_by         VARCHAR(64)     DEFAULT ''                  COMMENT '更新者',
  update_time       DATETIME                                    COMMENT '更新时间'
) ENGINE=INNODB COMMENT = '仓库维表';

INSERT INTO portalsite.`sys_warehouse_info`(warehouse_id,warehouse_address,create_by,create_time,update_by,update_time) VALUES(1,'201','admin',SYSDATE(),'',NULL);
INSERT INTO portalsite.`sys_warehouse_info`(warehouse_id,warehouse_address,create_by,create_time,update_by,update_time) VALUES(2,'202','admin',SYSDATE(),'',NULL);
INSERT INTO portalsite.`sys_warehouse_info`(warehouse_id,warehouse_address,create_by,create_time,update_by,update_time) VALUES(3,'203','admin',SYSDATE(),'',NULL);

DROP TABLE IF EXISTS sys_enter_info;
CREATE TABLE sys_enter_info (
  enter_stock_id              BIGINT(20)      NOT NULL AUTO_INCREMENT PRIMARY KEY   COMMENT '入库id',
  enter_stock_code            VARCHAR(50)     DEFAULT ''                  COMMENT '入库编号',
  enter_external_code         VARCHAR(30)     DEFAULT ''                  COMMENT '入库外部快递编号',
  enter_party_code            VARCHAR(30)     DEFAULT ''                  COMMENT '供应商出库编号',
  enter_warehouse_id          BIGINT(30)      DEFAULT 0                   COMMENT '所入仓库',
  enter_item_code             VARCHAR(30)     DEFAULT ''                  COMMENT '入库物料编号',
  enter_item_num              INT(30)         DEFAULT 0                  COMMENT '入库物料数量',
  enter_status                CHAR(1)         DEFAULT '0'                 COMMENT '入库状态（0已入库 1未入库）',
  create_by                   VARCHAR(64)     DEFAULT ''                  COMMENT '入库人',
  create_time 	              DATETIME                                    COMMENT '入库时间',
  update_by                   VARCHAR(64)     DEFAULT ''                  COMMENT '更新人',
  update_time                 DATETIME                                    COMMENT '更新时间',
  remark                      VARCHAR(500)    DEFAULT NULL                COMMENT '备注'

) ENGINE=INNODB COMMENT = '入库信息表';

INSERT INTO sys_enter_info(enter_stock_id,enter_stock_code,enter_external_code,enter_party_code,enter_warehouse_id,enter_item_code,enter_item_num,enter_status,create_by,create_time,update_by,update_time,remark)
VALUES(1,'SQEN102000001','SFT0188123212','TTS2328822145',1,'BFT222101500001',42,'1','admin',SYSDATE(),'',NULL,'购入');
INSERT INTO sys_enter_info(enter_stock_id,enter_stock_code,enter_external_code,enter_party_code,enter_warehouse_id,enter_item_code,enter_item_num,enter_status,create_by,create_time,update_by,update_time,remark)
VALUES(2,'SQEN102000002','SFT0188123234','TTS2328822154',1,'BFT222101500002',525,'1','admin',SYSDATE(),'',NULL,'自产');
INSERT INTO sys_enter_info(enter_stock_id,enter_stock_code,enter_external_code,enter_party_code,enter_warehouse_id,enter_item_code,enter_item_num,enter_status,create_by,create_time,update_by,update_time,remark)
VALUES(3,'SQEN102000003','SFT0188123223','TTS2328822144',7,'BFT222101500002',45,'0','admin',SYSDATE(),'',NULL,'自产');
INSERT INTO sys_enter_info(enter_stock_id,enter_stock_code,enter_external_code,enter_party_code,enter_warehouse_id,enter_item_code,enter_item_num,enter_status,create_by,create_time,update_by,update_time,remark)
VALUES(4,'SQEN102000004','SFT0188123223','TTS2328822144',7,'BFT222101500003',68,'0','admin',SYSDATE(),'',NULL,'自产');
INSERT INTO sys_enter_info(enter_stock_id,enter_stock_code,enter_external_code,enter_party_code,enter_warehouse_id,enter_item_code,enter_item_num,enter_status,create_by,create_time,update_by,update_time,remark)
VALUES(5,'SQEN102000004','SFT0188123223','TTS2328822144',7,'BFT222101500001',68,'0','admin',SYSDATE(),'',NULL,'自产');



DROP TABLE IF EXISTS portalsite.sys_customer;
CREATE TABLE portalsite.sys_customer (
  customer_id                 BIGINT(20)      NOT NULL AUTO_INCREMENT PRIMARY KEY   COMMENT '客户id',
  customer_name               VARCHAR(50)     DEFAULT ''                  COMMENT '客户名称',
  customer_address            VARCHAR(50)     DEFAULT ''                  COMMENT '客户地址',
  customer_pi_name            VARCHAR(30)     DEFAULT ''                  COMMENT '客户负责人名称',
  customer_pi_phone           VARCHAR(30)     DEFAULT ''                  COMMENT '客户负责人电话',
  customer_pi_email           VARCHAR(30)      DEFAULT ''                 COMMENT '客户负责人邮箱',
  create_by                   VARCHAR(64)     DEFAULT ''                  COMMENT '创建人',
  create_time 	              DATETIME                                    COMMENT '创建时间',
  update_by                   VARCHAR(64)     DEFAULT ''                  COMMENT '更新人',
  update_time                 DATETIME                                    COMMENT '更新时间',
  remark                      VARCHAR(500)    DEFAULT NULL                COMMENT '备注'

) ENGINE=INNODB COMMENT = '客户信息表';

INSERT INTO portalsite.sys_customer(customer_name,customer_address,customer_pi_name,customer_pi_phone,customer_pi_email,create_by,create_time,update_by,update_time,remark)VALUES('北汽一工厂','北京市区朝阳街道25号','李雷','15913554565','lilei@163.com','admin',SYSDATE(),'',NULL,'一级客户');
INSERT INTO portalsite.sys_customer(customer_name,customer_address,customer_pi_name,customer_pi_phone,customer_pi_email,create_by,create_time,update_by,update_time,remark)VALUES('北汽二工厂','北京市区朝阳街道24号','王二','18888454454','wanger@163.com','admin',SYSDATE(),'',NULL,'二级客户');
INSERT INTO portalsite.sys_customer(customer_name,customer_address,customer_pi_name,customer_pi_phone,customer_pi_email,create_by,create_time,update_by,update_time,remark)VALUES('北汽三工厂','北京市区朝阳街道27号','三三','13554456478','sansna@163.com','admin',SYSDATE(),'',NULL,'二级客户');


DROP TABLE IF EXISTS portalsite.sys_checkout_info;
CREATE TABLE portalsite.sys_checkout_info (
  checkout_id              BIGINT(20)      NOT NULL AUTO_INCREMENT PRIMARY KEY   COMMENT '主键',
  checkout_code            VARCHAR(50)      DEFAULT ''                 COMMENT '出库编号',
  checkout_external_code   VARCHAR(50)      DEFAULT ''                 COMMENT '出库快递编号',
  checkout_customer_id     BIGINT(20)       DEFAULT 0                  COMMENT '出库客户的主键',
  checkout_item_code       VARCHAR(50)      DEFAULT ''                 COMMENT '出库物料名称',
  checkout_item_num        INT(30)       DEFAULT 0                     COMMENT '出库物料数量',
  create_by                VARCHAR(64)      DEFAULT ''                 COMMENT '创建者',
  create_time 	           DATETIME                                    COMMENT '创建时间',
  update_by                VARCHAR(64)      DEFAULT ''                 COMMENT '更新者',
  update_time              DATETIME                                    COMMENT '更新时间',
  remark                   VARCHAR(500)    DEFAULT NULL                COMMENT '出库备注'
) ENGINE=INNODB COMMENT = '物料出库信息表';

INSERT INTO portalsite.sys_checkout_info (checkout_code,checkout_external_code,checkout_customer_id,checkout_item_code,checkout_item_num,create_by,create_time,update_by,update_time,remark)VALUES(
'SQUT102000001','SF56546656562',4,'BFT222101500001',2,'admin',SYSDATE(),'',NULL,'内销');
INSERT INTO portalsite.sys_checkout_info (checkout_code,checkout_external_code,checkout_customer_id,checkout_item_code,checkout_item_num,create_by,create_time,update_by,update_time,remark)VALUES(
'SQUT102000001','SF56546656562',4,'BFT222101500002',3,'admin',SYSDATE(),'',NULL,'内销');
INSERT INTO portalsite.sys_checkout_info (checkout_code,checkout_external_code,checkout_customer_id,checkout_item_code,checkout_item_num,create_by,create_time,update_by,update_time,remark)VALUES(
'SQUT102000001','SF56546656562',4,'BFT222101500003',1,'admin',SYSDATE(),'',NULL,'内销');


DROP TABLE IF EXISTS portalsite.sys_calibrate;
CREATE TABLE portalsite.sys_calibrate (
  ca_id                   BIGINT(20)      NOT NULL AUTO_INCREMENT PRIMARY KEY   COMMENT '主键',
  ca_item_code            VARCHAR(50)      DEFAULT ''                 COMMENT '库存物料编号',
  ca_item_name            VARCHAR(50)      DEFAULT ''                 COMMENT '库存物料名称',
  ca_warehouse_address    VARCHAR(50)       DEFAULT ''                 COMMENT '库存仓库地址',
  ca_first_enter          DATETIME                                    COMMENT '首次入库时间',
  ca_last_checkout        DATETIME                                    COMMENT '末次出库时间',
  ca_item_num             VARCHAR(30)      DEFAULT ''                 COMMENT '库存物料数量',
  update_by               VARCHAR(64)      DEFAULT ''                 COMMENT '校准人员',
  update_time             DATETIME                                    COMMENT '校准时间',
  remark                  VARCHAR(500)    DEFAULT NULL                COMMENT '校准备注'
) ENGINE=INNODB COMMENT = '库存信息表';

INSERT INTO portalsite.sys_calibrate(ca_item_code,ca_item_name,ca_warehouse_address,ca_first_enter,ca_last_checkout,ca_item_num,update_by,update_time,remark)VALUES(
         'BFT222101500001','小球','207','2022-10-21 10:53:04','2022-10-26 10:24:34',66,'admin',SYSDATE(),'');
  INSERT INTO portalsite.sys_calibrate(ca_item_code,ca_item_name,ca_warehouse_address,ca_first_enter,ca_last_checkout,ca_item_num,update_by,update_time,remark)VALUES(
         'BFT222101500003','日本滤芯','207','2022-10-21 10:52:04','2022-10-26 12:24:34',66,'admin',SYSDATE(),'');
         INSERT INTO portalsite.sys_calibrate(ca_item_code,ca_item_name,ca_warehouse_address,ca_first_enter,ca_last_checkout,ca_item_num,update_by,update_time,remark)VALUES(
         'BFT122102500006','减压阀','202','2022-10-21 10:53:04','2022-10-26 10:24:34',8,'admin',SYSDATE(),'');

--bom 小颜色系统表
drop table if exists portalsite.sys_little_color_bom;
CREATE TABLE portalsite.sys_little_color_bom(
item_code VARCHAR(50) PRIMARY KEY   COMMENT '物料内部编号',
item_name VARCHAR(30) DEFAULT ''    COMMENT '物料名称',
item_num  INT(30)         DEFAULT 0 COMMENT '物料数量'
)ENGINE=INNODB COMMENT = '小颜色系统BOM清单';

DROP TABLE IF EXISTS portalsite.sys_job_view;
CREATE TABLE portalsite.sys_job_view(
proj_id BIGINT(20)  NOT NULL  AUTO_INCREMENT PRIMARY KEY   COMMENT '项目编号',
proj_address VARCHAR(50) COMMENT '项目地址',
proj_content VARCHAR(50) COMMENT '项目内容',
proj_start_time DATETIME COMMENT '项目启动时间',
proj_pers VARCHAR(50) COMMENT '项目人员',
proj_process BIGINT(20) COMMENT '项目进度',
proj_end_time DATETIME COMMENT '项目结束时间'
)ENGINE=INNODB COMMENT = '项目进度看板';


INSERT INTO portalsite.sys_job_view( proj_id , proj_address,proj_content ,proj_start_time,proj_pers,proj_process, proj_end_time) VALUES(1,'杭州光能','安装循环走珠系统','2022-11-10','陆超,陈生旭,陈果',80,'2022-12-21');
INSERT INTO portalsite.sys_job_view( proj_id , proj_address,proj_content ,proj_start_time,proj_pers,proj_process, proj_end_time) VALUES(2,'浙江嘉兴海拉','安装大颜色系统','2022-12-10','陆超,陈生旭,陈果',60,'2022-12-21');
INSERT INTO portalsite.sys_job_view( proj_id , proj_address,proj_content ,proj_start_time,proj_pers,proj_process, proj_end_time) VALUES(3,'安徽芜湖','安装循环走珠系统','2022-12-21','陆超,陈生旭,陈果',0,'2022-12-30');
